dataset	target	auc
fb15k237	head	0.7559325268544612
fb15k237	tail	0.6485229188696642
kinships	head	0.632019848703369
kinships	tail	0.6155551050239282
nations	head	0.607771487390633
nations	tail	0.6090352433636016
wn18rr	head	0.5624734286154035
wn18rr	tail	0.518504312519871
