dataset	size	diff
nations	1992	-0.0012637559729685721
kinships	10686	0.01646474367944084
wn18rr	92583	0.04396911609553256
fb15k237	310079	0.10740960798479704
